{"1000139e0b":[{"name":"Comedor","service":"Lightbulb","type":"sonoff","outlet":0,"state":"off","device":"1000139e0b","uid":"89aa6fccfef0"}],"100020fbfc":[{"name":"Luz Cocina","service":"Lightbulb","type":"sonoff","outlet":0,"state":"off","device":"100020fbfc","uid":"f0aee888bf7a"},{"name":"Luz Comedor","type":"sonoff","outlet":1,"state":"off","device":"100020fbfc","service":"Lightbulb","uid":"8849fd51a057"},{"name":"Luz Despensa","type":"sonoff","outlet":2,"state":"off","device":"100020fbfc","service":"Lightbulb","uid":"86eacf57b5f2"}],"100013999a":[{"name":"Emulat","service":"Lightbulb","type":"sonoff","outlet":0,"state":"off","device":"100013999a","uid":"1a19dc9729bd"}],"100013a4ea":[{"name":"Estudio","service":"Lightbulb","type":"sonoff","outlet":0,"state":"off","device":"100013a4ea","uid":"ea06f4878843"}],"10002105a3":[{"name":"Sala","service":"Lightbulb","type":"sonoff","outlet":0,"state":"off","device":"10002105a3","uid":"d1722ca1a097"},{"name":"Entrada","type":"sonoff","outlet":1,"state":"off","device":"10002105a3","service":"Lightbulb","uid":"93955db88c4b"},{"name":"Hall ","type":"sonoff","outlet":2,"state":"off","device":"10002105a3","service":"Lightbulb","uid":"88b9de4b9a48"}],"10000efd9c":[{"name":"Cocina","service":"Lightbulb","type":"sonoff","outlet":0,"state":"off","device":"10000efd9c","uid":"eb8c5aa3f28b"}],"1000252e33":[{"name":"Arriba","service":"Windows","type":"sonoff","outlet":0,"state":"off","device":"1000252e33","uid":"1bcc24f9aaf0"},{"name":"Abajo","type":"sonoff","outlet":1,"state":"off","device":"1000252e33","service":"Windows","uid":"8d741d6f9fe7"}],"100020c57f":[{"name":"Terraza","service":"Lightbulb","type":"sonoff","outlet":0,"state":"off","device":"100020c57f","uid":"08e5433b72c6"}],"100013a359":[{"name":"Pipe","service":"Lightbulb","type":"sonoff","outlet":0,"state":"off","device":"100013a359","uid":"7d4587e18626"}],"10001398c6":[{"name":"Andres","service":"Lightbulb","type":"sonoff","outlet":0,"state":"off","device":"10001398c6","uid":"ac05dfb2e3af"}],"100020bb34":[{"name":"Escalera","service":"Lightbulb","type":"sonoff","outlet":0,"state":"off","device":"100020bb34","uid":"416b52d5fcd7"}],"100020e3ee":[{"name":"Cortina Arriba","service":"Lightbulb","type":"sonoff","outlet":0,"state":"off","device":"100020e3ee","uid":"e8be06304710"},{"name":"Cortina Abajo","type":"sonoff","outlet":1,"state":"off","device":"100020e3ee","service":"Lightbulb","uid":"444c49551c1b"}]}